?item	?term	?constituency	?party	?start	?election	?end	?cause
Q192	Q21084473	Q874194	Q9626	2015-05-08	Q3586935	2016-09-12	Q796919
Q14948811	Q21084473	Q874525	Q10658	2015-05-08	Q3586935	2017-05-03	Q741182
Q153454	Q21084473	Q3138286	Q9630	2015-05-08	Q3586935	2017-05-03	Q741182
Q16150309	Q21084473	Q987980	Q9626	2015-05-08	Q3586935	2017-05-03	Q741182
Q16190632	Q21084473	Q750690	Q9630	2015-05-08	Q3586935	2017-05-03	Q741182
Q16190712	Q21084473	Q988859	Q9630	2015-05-08	Q3586935	2017-05-03	Q741182
Q16211496	Q21084473	Q1053452	Q9626	2015-05-08	Q3586935	2017-05-03	Q741182
Q16232474	Q21084473	Q3335626	Q9626	2015-05-08	Q3586935	2017-05-03	Q741182
Q16732295	Q21084473	Q3301747	Q10658	2015-05-08	Q3586935	2015-11-24	Q30580660
Q16732295	Q21084473	Q3301747	Q327591	2015-11-24		2017-05-03	Q741182
Q16751766	Q21084473	Q1070042	Q9626	2015-05-08	Q3586935	2017-05-03	Q741182
Q16934040	Q21084473	Q1051029	Q10658	2015-05-08	Q3586935	2017-05-03	Q741182
Q16972528	Q21084473	Q3231676	Q9626	2015-05-08	Q3586935	2017-05-03	Q741182
Q17057181	Q21084473	Q578636	Q9630	2015-05-08	Q3586935	2017-05-03	Q741182
Q17180679	Q21084473	Q1053027	Q9626	2015-05-08	Q3586935	2017-05-03	Q741182
Q17306267	Q21084473	Q1050950	Q9630	2015-12-04	Q21287665	2017-05-03	Q741182
Q180589	Q21084473	Q751466	Q9626	2015-05-08	Q3586935	2017-05-03	Q741182
Q18164278	Q21084473	Q751233	Q9630	2015-05-08	Q3586935	2017-05-03	Q741182
Q18211142	Q21084473	Q3302282	Q9630	2015-05-08	Q3586935	2017-05-03	Q741182
Q18921442	Q21084473	Q1031947	Q10658	2015-05-08	Q3586935	2017-05-03	Q741182
Q189947	Q21084473	Q1031731	Q9624	2015-05-08	Q3586935	2017-05-03	Q741182
Q19059345	Q21084473	Q3301862	Q10658	2015-05-08	Q3586935	2017-05-03	Q741182
Q19059607	Q21084473	Q3238840	Q10658	2015-05-08	Q3586935	2017-05-03	Q741182
Q19586268	Q21084473	Q988278	Q9630	2015-05-08	Q3586935	2017-05-03	Q741182
Q197894	Q21084473	Q1052248	Q9626	2015-05-08	Q3586935	2017-05-03	Q741182
Q19863151	Q21084473	Q253159	Q10658	2015-05-08	Q3586935	2017-05-03	Q741182
Q19865337	Q21084473	Q3138167	Q9626	2015-05-08	Q3586935	2017-05-03	Q741182
Q19868483	Q21084473	Q3337210	Q9626	2015-05-08	Q3586935	2017-05-03	Q741182
Q19868554	Q21084473	Q299984	Q10658	2015-05-08	Q3586935	2017-05-03	Q741182
Q19868633	Q21084473	Q3231892	Q10691	2015-05-08	Q3586935	2017-05-03	Q741182
Q19870689	Q21084473	Q988645	Q9626	2015-05-08	Q3586935	2017-05-03	Q741182
Q19870758	Q21084473	Q3337618	Q9626	2015-05-08	Q3586935	2017-05-03	Q741182
Q19870873	Q21084473	Q3342877	Q9626	2015-05-08	Q3586935	2017-05-03	Q741182
Q19871637	Q21084473	Q3138439	Q10658	2015-05-08	Q3586935	2017-05-03	Q741182
Q19871710	Q21084473	Q1075461	Q9630	2015-05-08	Q3586935	2017-05-03	Q741182
Q19871785	Q21084473	Q1077806	Q9630	2015-05-08	Q3586935	2017-05-03	Q741182
Q19871819	Q21084473	Q3337694	Q10658	2015-05-08	Q3586935	2017-05-03	Q741182
Q19871931	Q21084473	Q3337022	Q9630	2015-05-08	Q3586935	2017-05-03	Q741182
Q19872133	Q21084473	Q1072621	Q9626	2015-05-08	Q3586935	2017-05-03	Q741182
Q19872266	Q21084473	Q3235145	Q9630	2015-05-08	Q3586935	2017-05-03	Q741182
Q19872361	Q21084473	Q3133894	Q9630	2015-05-08	Q3586935	2016-06-16	Q5247364
Q19872694	Q21084473	Q3138621	Q9626	2015-05-08	Q3586935	2017-05-03	Q741182
Q19872756	Q21084473	Q1032433	Q9626	2015-05-08	Q3586935	2017-05-03	Q741182
Q19873325	Q21084473	Q875454	Q9626	2015-05-08	Q3586935	2017-05-03	Q741182
Q19873418	Q21084473	Q750677	Q9626	2015-05-08	Q3586935	2017-05-03	Q741182
Q19874017	Q21084473	Q3335993	Q9630	2015-05-08	Q3586935	2017-05-03	Q741182
Q19874021	Q21084473	Q873994	Q9630	2015-05-08	Q3586935	2017-05-03	Q741182
Q19874280	Q21084473	Q1077481	Q9630	2015-05-08	Q3586935	2017-05-03	Q741182
Q19874398	Q21084473	Q1075440	Q9626	2015-05-08	Q3586935	2017-05-03	Q741182
Q19874405	Q21084473	Q3238991	Q10658	2015-05-08	Q3586935	2017-05-03	Q741182
Q19874642	Q21084473	Q1053274	Q9626	2015-05-08	Q3586935	2017-05-03	Q741182
Q19874839	Q21084473	Q1070154	Q10658	2015-05-08	Q3586935	2017-05-03	Q741182
Q19875413	Q21084473	Q1032281	Q10658	2015-05-08	Q3586935	2017-05-03	Q741182
Q19875589	Q21084473	Q3301821	Q10658	2015-05-08	Q3586935	2017-05-03	Q741182
Q19878984	Q21084473	Q750994	Q10658	2015-05-08	Q3586935	2017-05-03	Q741182
Q19880278	Q21084473	Q661360	Q10658	2015-05-08	Q3586935	2017-05-03	Q741182
Q19881592	Q21084473	Q3134016	Q10658	2015-05-08	Q3586935	2017-05-03	Q741182
Q19881816	Q21084473	Q1053259	Q10658	2015-05-08	Q3586935	2017-05-03	Q741182
Q19882263	Q21084473	Q3336017	Q10658	2015-05-08	Q3586935	2017-05-03	Q741182
Q19882420	Q21084473	Q1070116	Q10658	2015-05-08	Q3586935	2017-05-03	Q741182
Q19882482	Q21084473	Q586663	Q10658	2015-05-08	Q3586935	2017-05-03	Q741182
Q19882494	Q21084473	Q988375	Q10658	2015-05-08	Q3586935	2017-05-03	Q741182
Q19882661	Q21084473	Q3138350	Q10658	2015-05-08	Q3586935	2017-05-03	Q741182
Q19882694	Q21084473	Q581626	Q10658	2015-05-08	Q3586935	2017-05-03	Q741182
Q19882721	Q21084473	Q3301886	Q10658	2015-05-08	Q3586935	2017-05-03	Q741182
Q19882759	Q21084473	Q3336187	Q10658	2015-05-08	Q3586935	2017-05-03	Q741182
Q19882771	Q21084473	Q1070123	Q10658	2015-05-08	Q3586935	2017-05-03	Q741182
Q19882792	Q21084473	Q3138595	Q10658	2015-05-08	Q3586935	2017-05-03	Q741182
Q19882845	Q21084473	Q1075417	Q9630	2015-05-08	Q3586935	2017-05-03	Q741182
Q19882875	Q21084473	Q1072698	Q9630	2015-05-08	Q3586935	2017-05-03	Q741182
Q19882922	Q21084473	Q1032300	Q10658	2015-05-08	Q3586935	2017-05-03	Q741182
Q19882967	Q21084473	Q3138417	Q10658	2015-05-08	Q3586935	2017-05-03	Q741182
Q19883025	Q21084473	Q3302325	Q10658	2015-05-08	Q3586935	2017-05-03	Q741182
Q19883053	Q21084473	Q3336217	Q10658	2015-05-08	Q3586935	2017-05-03	Q741182
Q19883087	Q21084473	Q3336133	Q10658	2015-05-08	Q3586935	2017-05-03	Q741182
Q19883117	Q21084473	Q3343077	Q10658	2015-05-08	Q3586935	2017-05-03	Q741182
Q19883124	Q21084473	Q874607	Q10658	2015-05-08	Q3586935	2017-05-03	Q741182
Q19883129	Q21084473	Q1031884	Q10658	2015-05-08	Q3586935	2017-05-03	Q741182
Q19883132	Q21084473	Q1032569	Q10658	2015-05-08	Q3586935	2017-05-03	Q741182
Q19883135	Q21084473	Q3301764	Q10658	2015-05-08	Q3586935	2017-05-03	Q741182
Q19883145	Q21084473	Q1050788	Q10658	2015-05-08	Q3586935	2017-05-03	Q741182
Q19883152	Q21084473	Q1053415	Q10658	2015-05-08	Q3586935	2017-05-03	Q741182
Q19883251	Q21084473	Q3231723	Q10658	2015-05-08	Q3586935	2017-05-03	Q741182
Q19883283	Q21084473	Q751285	Q10658	2015-05-08	Q3586935	2017-05-03	Q741182
Q19883288	Q21084473	Q1070130	Q10658	2015-05-08	Q3586935	2017-05-03	Q741182
Q19917814	Q21084473	Q581792	Q9626	2015-05-08	Q3586935	2017-05-03	Q741182
Q19930597	Q21084473	Q3336228	Q9630	2015-05-08	Q3586935	2017-05-03	Q741182
Q19938322	Q21084473	Q1077545	Q9626	2015-05-08	Q3586935	2017-05-03	Q741182
Q19938362	Q21084473	Q3336909	Q9626	2015-05-08	Q3586935	2017-05-03	Q741182
Q19946187	Q21084473	Q1075944	Q9626	2015-05-08	Q3586935	2017-05-03	Q741182
Q19956787	Q21084473	Q988848	Q9626	2015-05-08	Q3586935	2017-05-03	Q741182
Q19956815	Q21084473	Q1070328	Q9626	2015-05-08	Q3586935	2017-05-03	Q741182
Q19956858	Q21084473	Q3239188	Q9626	2015-05-08	Q3586935	2017-05-03	Q741182
Q19957124	Q21084473	Q988954	Q9626	2015-05-08	Q3586935	2017-05-03	Q741182
Q19957144	Q21084473	Q3133970	Q9630	2015-05-08	Q3586935	2017-05-03	Q741182
Q19957188	Q21084473	Q3137827	Q9630	2015-05-08	Q3586935	2017-05-03	Q741182
Q19957299	Q21084473	Q1077422	Q9626	2015-05-08	Q3586935	2017-05-03	Q741182
Q19957303	Q21084473	Q873520	Q9626	2015-05-08	Q3586935	2017-05-03	Q741182
Q19957306	Q21084473	Q3337598	Q9626	2015-05-08	Q3586935	2017-05-03	Q741182
Q19957580	Q21084473	Q988556	Q9626	2015-05-08	Q3586935	2017-05-03	Q741182
Q19957586	Q21084473	Q1080341	Q9630	2015-05-08	Q3586935	2017-05-03	Q741182
Q19957590	Q21084473	Q1072635	Q9626	2015-05-08	Q3586935	2017-05-03	Q741182
Q19957769	Q21084473	Q1080418	Q9626	2015-05-08	Q3586935	2017-05-03	Q741182
Q19957790	Q21084473	Q1075422	Q9630	2015-05-08	Q3586935	2017-05-03	Q741182
Q19957802	Q21084473	Q597358	Q9630	2015-05-08	Q3586935	2017-05-03	Q741182
Q19957811	Q21084473	Q988740	Q9626	2015-05-08	Q3586935	2017-05-03	Q741182
Q19957887	Q21084473	Q874714	Q9626	2015-05-08	Q3586935	2017-05-03	Q741182
Q19957945	Q21084473	Q1070064	Q9626	2015-05-08	Q3586935	2017-05-03	Q741182
Q19957949	Q21084473	Q767602	Q9630	2015-05-08	Q3586935	2017-05-03	Q741182
Q19957992	Q21084473	Q1031720	Q9630	2015-05-08	Q3586935	2017-05-03	Q741182
Q19957996	Q21084473	Q987884	Q9626	2015-05-08	Q3586935	2017-05-03	Q741182
Q19958023	Q21084473	Q1031745	Q9630	2015-05-08	Q3586935	2016-02-04	Q5247364
Q19958026	Q21084473	Q988081	Q9630	2015-05-08	Q3586935	2017-05-03	Q741182
Q19958052	Q21084473	Q874666	Q9626	2015-05-08	Q3586935	2017-05-03	Q741182
Q19958093	Q21084473	Q1032537	Q9626	2015-05-08	Q3586935	2017-05-03	Q741182
Q19958100	Q21084473	Q987899	Q9626	2015-05-08	Q3586935	2017-05-03	Q741182
Q19958134	Q21084473	Q3137808	Q9630	2015-05-08	Q3586935	2017-05-03	Q741182
Q19979355	Q21084473	Q1031863	Q9630	2015-05-08	Q3586935	2017-05-03	Q741182
Q19979409	Q21084473	Q1077778	Q9630	2015-05-08	Q3586935	2017-05-03	Q741182
Q20011564	Q21084473	Q3301842	Q10658	2015-05-08	Q3586935	2017-05-03	Q741182
Q20022488	Q21084473	Q1077346	Q6467393	2015-05-08	Q3586935	2017-05-03	Q741182
Q20027903	Q21084473	Q1070045	Q10658	2015-05-08	Q3586935	2015-09-29	Q30580660
Q20027903	Q21084473	Q1070045	Q327591	2015-09-29		2017-05-03	Q741182
Q20054075	Q21084473	Q1080445	Q9630	2015-05-08	Q3586935	2017-05-03	Q741182
Q20054083	Q21084473	Q989270	Q9626	2015-05-08	Q3586935	2017-05-03	Q741182
Q20055561	Q21084473	Q1032035	Q9626	2015-05-08	Q3586935	2017-05-03	Q741182
Q20055581	Q21084473	Q1031975	Q9626	2015-05-08	Q3586935	2017-05-03	Q741182
Q20113749	Q21084473	Q1077764	Q9630	2015-05-08	Q3586935	2017-05-03	Q741182
Q20127903	Q21084473	Q1051416	Q9630	2015-05-08	Q3586935	2017-05-03	Q741182
Q20127909	Q21084473	Q1075433	Q9630	2015-05-08	Q3586935	2017-05-03	Q741182
Q20127923	Q21084473	Q589328	Q6467393	2015-05-08	Q3586935	2017-05-03	Q741182
Q20127929	Q21084473	Q1050631	Q9626	2015-05-08	Q3586935	2017-05-03	Q741182
Q20128115	Q21084473	Q3138645	Q9630	2015-05-08	Q3586935	2017-05-03	Q741182
Q20128211	Q21084473	Q1072690	Q9630	2015-05-08	Q3586935	2017-05-03	Q741182
Q20177497	Q21084473	Q988435	Q9626	2015-05-08	Q3586935	2017-05-03	Q741182
Q20195263	Q21084473	Q3134165	Q9626	2015-05-08	Q3586935	2017-05-03	Q741182
Q20195397	Q21084473	Q988873	Q9626	2015-05-08	Q3586935	2017-05-03	Q741182
Q20195470	Q21084473	Q1051633	Q9626	2015-05-08	Q3586935	2017-05-03	Q741182
Q20203414	Q21084473	Q1077391	Q9630	2015-05-08	Q3586935	2017-05-03	Q741182
Q20647531	Q21084473	Q1077363	Q9630	2015-05-08	Q3586935	2017-05-03	Q741182
Q20647567	Q21084473	Q989027	Q9626	2015-05-08	Q3586935	2017-05-03	Q741182
Q20647672	Q21084473	Q1051515	Q9626	2015-05-08	Q3586935	2017-05-03	Q741182
Q20647673	Q21084473	Q3302172	Q9630	2015-05-08	Q3586935	2017-05-03	Q741182
Q20647692	Q21084473	Q1032559	Q9626	2015-05-08	Q3586935	2017-05-03	Q741182
Q20647738	Q21084473	Q3334702	Q9630	2015-05-08	Q3586935	2017-05-03	Q741182
Q20647740	Q21084473	Q875210	Q9626	2015-05-08	Q3586935	2017-05-03	Q741182
Q20647800	Q21084473	Q988153	Q9626	2015-05-08	Q3586935	2017-05-03	Q741182
Q20647819	Q21084473	Q3337458	Q9626	2015-05-08	Q3586935	2017-05-03	Q741182
Q20647855	Q21084473	Q988001	Q9626	2015-05-08	Q3586935	2017-05-03	Q741182
Q20647896	Q21084473	Q1053572	Q9626	2015-05-08	Q3586935	2017-05-03	Q741182
Q20647924	Q21084473	Q1077785	Q9630	2015-05-08	Q3586935	2017-05-03	Q741182
Q20647978	Q21084473	Q1077332	Q9626	2015-05-08	Q3586935	2017-05-03	Q741182
Q20648244	Q21084473	Q1072626	Q9626	2015-05-08	Q3586935	2017-05-03	Q741182
Q20648325	Q21084473	Q3335964	Q9626	2015-05-08	Q3586935	2017-05-03	Q741182
Q20648332	Q21084473	Q1053099	Q9630	2015-05-08	Q3586935	2017-05-03	Q741182
Q20648365	Q21084473	Q3336781	Q9630	2015-05-08	Q3586935	2017-05-03	Q741182
Q20648372	Q21084473	Q988625	Q9626	2015-05-08	Q3586935	2017-05-03	Q741182
Q20648385	Q21084473	Q875493	Q9626	2015-05-08	Q3586935	2017-05-03	Q741182
Q20648420	Q21084473	Q1032098	Q6467393	2015-05-08	Q3586935	2017-05-03	Q741182
Q20648487	Q21084473	Q3231812	Q9626	2015-05-08	Q3586935	2017-05-03	Q741182
Q20648527	Q21084473	Q988454	Q9630	2015-05-08	Q3586935	2017-05-03	Q741182
Q20648556	Q21084473	Q3137757	Q9626	2015-05-08	Q3586935	2017-05-03	Q741182
Q20648564	Q21084473	Q3239124	Q9626	2015-05-08	Q3586935	2017-05-03	Q741182
Q20648913	Q21084473	Q875434	Q9630	2015-05-08	Q3586935	2017-05-03	Q741182
Q20648982	Q21084473	Q3138658	Q9626	2015-05-08	Q3586935	2017-05-03	Q741182
Q20732037	Q21084473	Q3337181	Q9626	2015-05-08	Q3586935	2017-05-03	Q741182
Q20747098	Q21084473	Q3138335	Q9626	2015-05-08	Q3586935	2017-05-03	Q741182
Q216594	Q21084473	Q1070108	Q9630	2015-05-08	Q3586935	2017-05-03	Q741182
Q232639	Q21084473	Q1077561	Q9630	2015-05-08	Q3586935	2017-05-03	Q741182
Q234182	Q21084473	Q3238889	Q9630	2015-05-08	Q3586935	2017-05-03	Q741182
Q24034408	Q21084473	Q1031745	Q9630	2016-05-06	Q23058677	2017-05-03	Q741182
Q24053857	Q21084473	Q1051003	Q9630	2016-05-06	Q23058607	2017-05-03	Q741182
Q24668273	Q21084473	Q875474	Q9630	2016-06-17	Q24083603	2017-05-03	Q741182
Q251095	Q21084473	Q1077816	Q9630	2015-05-08	Q3586935	2017-05-03	Q741182
Q258088	Q21084473	Q1050969	Q9630	2015-05-08	Q3586935	2017-05-03	Q741182
Q258292	Q21084473	Q1031788	Q9626	2015-05-08	Q3586935	2017-05-03	Q741182
Q258473	Q21084473	Q874276	Q9626	2015-05-08	Q3586935	2017-05-03	Q741182
Q258586	Q21084473	Q1072632	Q9626	2015-05-08	Q3586935	2017-05-03	Q741182
Q258963	Q21084473	Q874871	Q9626	2015-05-08	Q3586935	2017-05-03	Q741182
Q259359	Q21084473	Q3336099	Q9630	2015-05-08	Q3586935	2017-05-03	Q741182
Q259361	Q21084473	Q740118	Q9626	2015-05-08	Q3586935	2017-05-03	Q741182
Q259423	Q21084473	Q3134130	Q9630	2015-05-08	Q3586935	2017-05-03	Q741182
Q259601	Q21084473	Q1051300	Q9630	2015-05-08	Q3586935	2017-05-03	Q741182
Q259646	Q21084473	Q988607	Q9626	2015-05-08	Q3586935	2017-05-03	Q741182
Q259707	Q21084473	Q1032152	Q9626	2015-05-08	Q3586935	2017-05-03	Q741182
Q259895	Q21084473	Q1077534	Q6467393	2015-05-08	Q3586935	2017-05-03	Q741182
Q259935	Q21084473	Q3335941	Q9630	2015-05-08	Q3586935	2017-05-03	Q741182
Q260013	Q21084473	Q874568	Q6467393	2015-05-08	Q3586935	2017-05-03	Q741182
Q260111	Q21084473	Q750841	Q9626	2015-05-08	Q3586935	2017-05-03	Q741182
Q260429	Q21084473	Q874393	Q9626	2015-05-08	Q3586935	2017-05-03	Q741182
Q260489	Q21084473	Q3302470	Q9626	2015-05-08	Q3586935	2017-05-03	Q741182
Q260546	Q21084473	Q1032502	Q9626	2015-05-08	Q3586935	2017-05-03	Q741182
Q260618	Q21084473	Q1072710	Q9630	2015-05-08	Q3586935	2017-05-03	Q741182
Q260631	Q21084473	Q1031931	Q9630	2015-05-08	Q3586935	2017-05-03	Q741182
Q260651	Q21084473	Q3335881	Q9626	2015-05-08	Q3586935	2017-05-03	Q741182
Q260772	Q21084473	Q299976	Q9626	2015-05-08	Q3586935	2017-05-03	Q741182
Q261214	Q21084473	Q1075925	Q6467393	2015-05-08	Q3586935	2017-05-03	Q741182
Q261553	Q21084473	Q875285	Q9626	2015-05-08	Q3586935	2017-05-03	Q741182
Q261675	Q21084473	Q1050667	Q10658	2015-05-08	Q3586935	2017-05-03	Q741182
Q261773	Q21084473	Q3138501	Q9630	2015-05-08	Q3586935	2017-05-03	Q741182
Q261900	Q21084473	Q875108	Q9630	2015-05-08	Q3586935	2017-05-03	Q741182
Q262040	Q21084473	Q751620	Q215519	2015-05-08	Q3586935	2017-05-03	Q741182
Q262108	Q21084473	Q1032131	Q9626	2015-05-08	Q3586935	2017-05-03	Q741182
Q262201	Q21084473	Q1031806	Q9630	2015-05-08	Q3586935	2017-05-03	Q741182
Q262409	Q21084473	Q988851	Q9626	2015-05-08	Q3586935	2017-05-03	Q741182
Q262539	Q21084473	Q3231585	Q9626	2015-05-08	Q3586935	2017-05-03	Q741182
Q262616	Q21084473	Q1051572	Q9626	2015-05-08	Q3586935	2017-05-03	Q741182
Q262742	Q21084473	Q1075498	Q9630	2015-05-08	Q3586935	2017-05-03	Q741182
Q262931	Q21084473	Q1053007	Q9626	2015-05-08	Q3586935	2017-05-03	Q741182
Q263076	Q21084473	Q613294	Q9626	2015-05-08	Q3586935	2017-05-03	Q741182
Q263147	Q21084473	Q1070140	Q464103	2015-05-08	Q3586935	2017-05-03	Q741182
Q263166	Q21084473	Q750810	Q9626	2015-05-08	Q3586935	2017-05-03	Q741182
Q263243	Q21084473	Q1053362	Q9626	2015-05-08	Q3586935	2017-05-03	Q741182
Q263299	Q21084473	Q3138091	Q6467393	2015-05-08	Q3586935	2017-05-03	Q741182
Q263350	Q21084473	Q1031940	Q9626	2015-05-08	Q3586935	2017-05-03	Q741182
Q263508	Q21084473	Q1031751	Q9630	2015-05-08	Q3586935	2017-05-03	Q741182
Q263653	Q21084473	Q3337041	Q9626	2015-05-08	Q3586935	2017-05-03	Q741182
Q263729	Q21084473	Q3302305	Q9626	2015-05-08	Q3586935	2017-05-03	Q741182
Q263802	Q21084473	Q874585	Q9630	2015-05-08	Q3586935	2017-05-03	Q741182
Q263875	Q21084473	Q1077528	Q9626	2015-05-08	Q3586935	2017-05-03	Q741182
Q263923	Q21084473	Q1075483	Q9630	2015-05-08	Q3586935	2017-05-03	Q741182
Q263969	Q21084473	Q1050814	Q9626	2015-05-08	Q3586935	2017-05-03	Q741182
Q264072	Q21084473	Q1053429	Q9630	2015-05-08	Q3586935	2017-05-03	Q741182
Q264132	Q21084473	Q1031760	Q9630	2015-05-08	Q3586935	2017-05-03	Q741182
Q264220	Q21084473	Q750956	Q10658	2015-05-08	Q3586935	2017-05-03	Q741182
Q264305	Q21084473	Q1032065	Q9626	2015-05-08	Q3586935	2017-05-03	Q741182
Q264337	Q21084473	Q988304	Q9626	2015-05-08	Q3586935	2017-05-03	Q741182
Q264365	Q21084473	Q3302028	Q9626	2015-05-08	Q3586935	2017-05-03	Q741182
Q264374	Q21084473	Q988730	Q9626	2015-05-08	Q3586935	2017-05-03	Q741182
Q264420	Q21084473	Q874946	Q9626	2015-05-08	Q3586935	2017-05-03	Q741182
Q264426	Q21084473	Q874686	Q9626	2015-05-08	Q3586935	2017-05-03	Q741182
Q264477	Q21084473	Q750906	Q9626	2015-05-08	Q3586935	2017-05-03	Q741182
Q264510	Q21084473	Q3133785	Q10658	2015-05-08	Q3586935	2017-05-03	Q741182
Q264560	Q21084473	Q988407	Q9626	2015-05-08	Q3586935	2017-05-03	Q741182
Q264585	Q21084473	Q988615	Q9630	2015-05-08	Q3586935	2017-05-03	Q741182
Q264618	Q21084473	Q24768	Q9630	2015-05-08	Q3586935	2017-05-03	Q741182
Q264636	Q21084473	Q3238861	Q9626	2015-05-08	Q3586935	2017-05-03	Q741182
Q264662	Q21084473	Q588969	Q9626	2015-05-08	Q3586935	2017-05-03	Q741182
Q264684	Q21084473	Q3138034	Q9626	2015-05-08	Q3586935	2017-05-03	Q741182
Q264720	Q21084473	Q3238966	Q9624	2015-05-08	Q3586935	2017-05-03	Q741182
Q264766	Q21084473	Q3336813	Q9626	2015-05-08	Q3586935	2017-05-03	Q741182
Q264827	Q21084473	Q1070055	Q9626	2015-05-08	Q3586935	2017-05-03	Q741182
Q264964	Q21084473	Q3238943	Q9630	2015-05-08	Q3586935	2017-05-03	Q741182
Q265028	Q21084473	Q1051582	Q9626	2015-05-08	Q3586935	2017-05-03	Q741182
Q265088	Q21084473	Q874300	Q9626	2015-05-08	Q3586935	2017-05-03	Q741182
Q265140	Q21084473	Q1050985	Q9626	2015-05-08	Q3586935	2017-05-03	Q741182
Q265870	Q21084473	Q874463	Q9630	2015-05-08	Q3586935	2017-05-03	Q741182
Q265900	Q21084473	Q1052276	Q9626	2015-05-08	Q3586935	2017-05-03	Q741182
Q265935	Q21084473	Q974748	Q9630	2015-05-08	Q3586935	2017-05-03	Q741182
Q266078	Q21084473	Q3335586	Q9626	2015-05-08	Q3586935	2017-05-03	Q741182
Q266146	Q21084473	Q1032058	Q9630	2015-05-08	Q3586935	2017-05-03	Q741182
Q266189	Q21084473	Q750978	Q10691	2015-05-08	Q3586935	2017-05-03	Q741182
Q266238	Q21084473	Q874123	Q9630	2015-05-08	Q3586935	2017-05-03	Q741182
Q266357	Q21084473	Q1077398	Q9624	2015-05-08	Q3586935	2017-05-03	Q741182
Q266793	Q21084473	Q1077626	Q9626	2015-05-08	Q3586935	2017-05-03	Q741182
Q266905	Q21084473	Q3302128	Q9626	2015-05-08	Q3586935	2017-05-03	Q741182
Q266978	Q21084473	Q875087	Q9630	2015-05-08	Q3586935	2017-05-03	Q741182
Q267105	Q21084473	Q1077463	Q9630	2015-05-08	Q3586935	2017-05-03	Q741182
Q267234	Q21084473	Q1051617	Q9626	2015-05-08	Q3586935	2017-05-03	Q741182
Q267485	Q21084473	Q875011	Q9626	2015-05-08	Q3586935	2017-05-03	Q741182
Q267648	Q21084473	Q875403	Q9630	2015-05-08	Q3586935	2017-05-03	Q741182
Q267930	Q21084473	Q3137734	Q9630	2015-05-08	Q3586935	2017-05-03	Q741182
Q268030	Q21084473	Q873604	Q9626	2015-05-08	Q3586935	2017-05-03	Q741182
Q268196	Q21084473	Q875175	Q9630	2015-05-08	Q3586935	2017-05-03	Q741182
Q268465	Q21084473	Q751629	Q215519	2015-05-08	Q3586935	2017-05-03	Q741182
Q268584	Q21084473	Q3138391	Q9626	2015-05-08	Q3586935	2017-05-03	Q741182
Q269005	Q21084473	Q1072792	Q9630	2015-05-08	Q3586935	2017-05-03	Q741182
Q269124	Q21084473	Q1050931	Q9624	2015-05-08	Q3586935	2017-05-03	Q741182
Q269260	Q21084473	Q988211	Q9626	2015-05-08	Q3586935	2017-05-03	Q741182
Q269322	Q21084473	Q3302105	Q10647	2015-05-08	Q3586935	2017-03-25	Q30580660
Q269322	Q21084473	Q3302105	Q327591	2017-03-25		2017-05-03	Q741182
Q269449	Q21084473	Q988242	Q9626	2015-05-08	Q3586935	2017-05-03	Q741182
Q269638	Q21084473	Q1072896	Q9630	2015-05-08	Q3586935	2017-05-03	Q741182
Q269697	Q21084473	Q1080403	Q9630	2015-05-08	Q3586935	2017-05-03	Q741182
Q269853	Q21084473	Q988843	Q9626	2015-05-08	Q3586935	2017-05-03	Q741182
Q269868	Q21084473	Q3136714	Q9630	2015-05-08	Q3586935	2017-05-03	Q741182
Q269909	Q21084473	Q1080424	Q9630	2015-05-08	Q3586935	2017-05-03	Q741182
Q269925	Q21084473	Q1080625	Q9626	2015-05-08	Q3586935	2017-05-03	Q741182
Q269940	Q21084473	Q3239148	Q9626	2015-05-08	Q3586935	2017-05-03	Q741182
Q269957	Q21084473	Q1077513	Q9626	2015-05-08	Q3586935	2017-05-03	Q741182
Q270009	Q21084473	Q1032489	Q9626	2015-05-08	Q3586935	2017-05-03	Q741182
Q271683	Q21084473	Q3301704	Q9626	2015-05-08	Q3586935	2017-05-03	Q741182
Q271715	Q21084473	Q3334655	Q9626	2015-05-08	Q3586935	2017-05-03	Q741182
Q271800	Q21084473	Q875225	Q9626	2015-05-08	Q3586935	2017-05-03	Q741182
Q271889	Q21084473	Q1031895	Q9626	2015-05-08	Q3586935	2017-05-03	Q741182
Q272008	Q21084473	Q1075910	Q9626	2015-05-08	Q3586935	2017-05-03	Q741182
Q272041	Q21084473	Q1080299	Q6467393	2015-05-08	Q3586935	2017-05-03	Q741182
Q272098	Q21084473	Q3337393	Q9630	2015-05-08	Q3586935	2017-05-03	Q741182
Q272123	Q21084473	Q731571	Q9630	2015-05-08	Q3586935	2017-05-03	Q741182
Q272155	Q21084473	Q650377	Q9626	2015-05-08	Q3586935	2017-05-03	Q741182
Q272201	Q21084473	Q988801	Q9626	2015-05-08	Q3586935	2017-05-03	Q741182
Q272234	Q21084473	Q3337141	Q9630	2015-05-08	Q3586935	2017-05-03	Q741182
Q272259	Q21084473	Q3137771	Q9626	2015-05-08	Q3586935	2017-05-03	Q741182
Q272288	Q21084473	Q1052216	Q9626	2015-05-08	Q3586935	2017-05-03	Q741182
Q272318	Q21084473	Q3335863	Q9626	2015-05-08	Q3586935	2017-05-03	Q741182
Q272346	Q21084473	Q3337719	Q9630	2015-05-08	Q3586935	2017-05-03	Q741182
Q272408	Q21084473	Q3138197	Q9630	2015-05-08	Q3586935	2017-05-03	Q741182
Q272452	Q21084473	Q1077371	Q6467393	2015-05-08	Q3586935	2017-05-03	Q741182
Q272569	Q21084473	Q750582	Q9630	2015-05-08	Q3586935	2017-05-03	Q741182
Q272643	Q21084473	Q988637	Q9626	2015-05-08	Q3586935	2017-05-03	Q741182
Q272829	Q21084473	Q988601	Q9624	2015-05-08	Q3586935	2017-05-03	Q741182
Q27671735	Q21084473	Q874194	Q9626	2016-10-20	Q27629857	2017-05-03	Q741182
Q27942399	Q21084473	Q1032015	Q9624	2016-12-02	Q28100207	2017-05-03	Q741182
Q27979810	Q21084473	Q989206	Q9626	2016-12-08	Q28404735	2017-05-03	Q741182
Q285183	Q21084473	Q987938	Q9626	2015-05-08	Q3586935	2017-05-03	Q741182
Q285249	Q21084473	Q1077377	Q9630	2015-05-08	Q3586935	2017-05-03	Q741182
Q285975	Q21084473	Q3301684	Q9630	2015-05-08	Q3586935	2017-05-03	Q741182
Q286043	Q21084473	Q988356	Q9630	2015-05-08	Q3586935	2017-05-03	Q741182
Q28834849	Q21084473	Q988288	Q9630	2017-02-24	Q28408404	2017-05-03	Q741182
Q28834855	Q21084473	Q3335605	Q9626	2017-02-24	Q28128615	2017-05-03	Q741182
Q290474	Q21084473	Q1077324	Q9630	2015-05-08	Q3586935	2017-05-03	Q741182
Q290554	Q21084473	Q988194	Q9626	2015-05-08	Q3586935	2017-05-03	Q741182
Q290646	Q21084473	Q1077573	Q9626	2015-05-08	Q3586935	2017-05-03	Q741182
Q290733	Q21084473	Q1050608	Q9626	2015-05-08	Q3586935	2017-05-03	Q741182
Q290855	Q21084473	Q874435	Q9630	2015-05-08	Q3586935	2017-05-03	Q741182
Q291057	Q21084473	Q1032235	Q9630	2015-05-08	Q3586935	2017-05-03	Q741182
Q291169	Q21084473	Q1077552	Q9630	2015-05-08	Q3586935	2017-05-03	Q741182
Q291303	Q21084473	Q875359	Q9626	2015-05-08	Q3586935	2017-05-03	Q741182
Q291393	Q21084473	Q1032412	Q9626	2015-05-08	Q3586935	2017-05-03	Q741182
Q291441	Q21084473	Q3137707	Q9630	2015-05-08	Q3586935	2017-05-03	Q741182
Q291470	Q21084473	Q874488	Q9630	2015-05-08	Q3586935	2017-05-03	Q741182
Q291502	Q21084473	Q875059	Q6467393	2015-05-08	Q3586935	2017-05-03	Q741182
Q291557	Q21084473	Q3239111	Q9626	2015-05-08	Q3586935	2017-05-03	Q741182
Q291591	Q21084473	Q3138569	Q9630	2015-05-08	Q3586935	2017-05-03	Q741182
Q291615	Q21084473	Q1113142	Q9630	2015-05-08	Q3586935	2017-05-03	Q741182
Q291649	Q21084473	Q988335	Q9630	2015-05-08	Q3586935	2017-05-03	Q741182
Q291683	Q21084473	Q3335775	Q9630	2015-05-08	Q3586935	2017-05-03	Q741182
Q291785	Q21084473	Q989041	Q9630	2015-05-08	Q3586935	2017-05-03	Q741182
Q291818	Q21084473	Q1032004	Q9630	2015-05-08	Q3586935	2015-12-31	Q35855188
Q291818	Q21084473	Q1032004	Q327591	2015-12-31		2017-05-03	Q741182
Q296716	Q21084473	Q3238808	Q9630	2015-05-08	Q3586935	2017-05-03	Q741182
Q296797	Q21084473	Q1053353	Q9626	2015-05-08	Q3586935	2017-05-03	Q741182
Q296866	Q21084473	Q988068	Q6467393	2015-05-08	Q3586935	2017-05-03	Q741182
Q296920	Q21084473	Q1053339	Q9626	2015-05-08	Q3586935	2017-05-03	Q741182
Q300004	Q21084473	Q1031659	Q9626	2015-05-08	Q3586935	2017-05-03	Q741182
Q300023	Q21084473	Q3337409	Q9626	2015-05-08	Q3586935	2017-05-03	Q741182
Q300049	Q21084473	Q751043	Q9630	2015-05-08	Q3586935	2017-05-03	Q741182
Q300107	Q21084473	Q3301998	Q9626	2015-05-08	Q3586935	2017-05-03	Q741182
Q300142	Q21084473	Q3336990	Q9626	2015-05-08	Q3586935	2017-05-03	Q741182
Q300243	Q21084473	Q751580	Q215519	2015-05-08	Q3586935	2017-05-03	Q741182
Q300269	Q21084473	Q751745	Q76382	2015-05-08	Q3586935	2017-05-03	Q741182
Q300292	Q21084473	Q751651	Q215519	2015-05-08	Q3586935	2017-05-03	Q741182
Q300368	Q21084473	Q3336117	Q9630	2015-05-08	Q3586935	2017-05-03	Q741182
Q302036	Q21084473	Q987872	Q9626	2015-05-08	Q3586935	2017-05-03	Q741182
Q302187	Q21084473	Q988587	Q9626	2015-05-08	Q3586935	2017-05-03	Q741182
Q302244	Q21084473	Q1080358	Q9630	2015-05-08	Q3586935	2017-05-03	Q741182
Q302309	Q21084473	Q1031965	Q9626	2015-05-08	Q3586935	2017-05-03	Q741182
Q302363	Q21084473	Q3133832	Q9630	2015-05-08	Q3586935	2017-05-03	Q741182
Q302417	Q21084473	Q1031877	Q9626	2015-05-08	Q3586935	2017-05-03	Q741182
Q302486	Q21084473	Q1077612	Q9626	2015-05-08	Q3586935	2017-05-03	Q741182
Q302546	Q21084473	Q3336884	Q9626	2015-05-08	Q3586935	2017-05-03	Q741182
Q302620	Q21084473	Q751642	Q175443	2015-05-08	Q3586935	2017-05-03	Q741182
Q302763	Q21084473	Q875135	Q9630	2015-05-08	Q3586935	2017-05-03	Q741182
Q302815	Q21084473	Q3301627	Q9630	2015-05-08	Q3586935	2017-05-03	Q741182
Q302892	Q21084473	Q1077385	Q10691	2015-05-08	Q3586935	2017-05-03	Q741182
Q302939	Q21084473	Q1113118	Q9630	2015-05-08	Q3586935	2017-05-03	Q741182
Q303011	Q21084473	Q988171	Q9630	2015-05-08	Q3586935	2017-05-03	Q741182
Q303085	Q21084473	Q1051537	Q9626	2015-05-08	Q3586935	2017-05-03	Q741182
Q303157	Q21084473	Q3133916	Q9626	2015-05-08	Q3586935	2017-05-03	Q741182
Q303253	Q21084473	Q3336139	Q6467393	2015-05-08	Q3586935	2017-05-03	Q741182
Q303299	Q21084473	Q1080634	Q9626	2015-05-08	Q3586935	2017-05-03	Q741182
Q303351	Q21084473	Q1070334	Q9626	2015-05-08	Q3586935	2017-05-03	Q741182
Q303411	Q21084473	Q1032512	Q9630	2015-05-08	Q3586935	2017-05-03	Q741182
Q303465	Q21084473	Q1031797	Q9630	2015-05-08	Q3586935	2017-05-03	Q741182
Q303510	Q21084473	Q3238907	Q9626	2015-05-08	Q3586935	2017-05-03	Q741182
Q303577	Q21084473	Q1077338	Q6467393	2015-05-08	Q3586935	2017-05-03	Q741182
Q303639	Q21084473	Q874700	Q9626	2015-05-08	Q3586935	2017-05-03	Q741182
Q303814	Q21084473	Q1032052	Q9626	2015-05-08	Q3586935	2017-05-03	Q741182
Q303883	Q21084473	Q588875	Q9626	2015-05-08	Q3586935	2017-05-03	Q741182
Q304027	Q21084473	Q1080391	Q9626	2015-05-08	Q3586935	2017-05-03	Q741182
Q304095	Q21084473	Q1031768	Q9626	2015-05-08	Q3586935	2017-05-03	Q741182
Q304172	Q21084473	Q1052362	Q9630	2015-05-08	Q3586935	2017-05-03	Q741182
Q304251	Q21084473	Q874372	Q9624	2015-05-08	Q3586935	2017-05-03	Q741182
Q304388	Q21084473	Q1080413	Q9630	2015-05-08	Q3586935	2017-05-03	Q741182
Q304450	Q21084473	Q3235346	Q9626	2015-05-08	Q3586935	2017-05-03	Q741182
Q306169	Q21084473	Q1032451	Q9630	2015-05-08	Q3586935	2017-05-03	Q741182
Q306250	Q21084473	Q1032459	Q9626	2015-05-08	Q3586935	2017-05-03	Q741182
Q327716	Q21084473	Q1080518	Q9626	2015-05-08	Q3586935	2017-05-03	Q741182
Q327823	Q21084473	Q1053043	Q9626	2015-05-08	Q3586935	2017-05-03	Q741182
Q328608	Q21084473	Q589079	Q9626	2015-05-08	Q3586935	2017-05-03	Q741182
Q328641	Q21084473	Q3134150	Q9626	2015-05-08	Q3586935	2017-05-03	Q741182
Q328682	Q21084473	Q1080287	Q9630	2015-05-08	Q3586935	2017-05-03	Q741182
Q328737	Q21084473	Q3137325	Q9630	2015-05-08	Q3586935	2017-05-03	Q741182
Q328769	Q21084473	Q3239015	Q9626	2015-05-08	Q3586935	2017-05-03	Q741182
Q328791	Q21084473	Q988814	Q9626	2015-05-08	Q3586935	2017-05-03	Q741182
Q328892	Q21084473	Q1050693	Q9626	2015-05-08	Q3586935	2017-05-03	Q741182
Q328953	Q21084473	Q1053383	Q9626	2015-05-08	Q3586935	2017-05-03	Q741182
Q332336	Q21084473	Q1080435	Q9630	2015-05-08	Q3586935	2017-05-03	Q741182
Q332374	Q21084473	Q1052235	Q9626	2015-05-08	Q3586935	2017-05-03	Q741182
Q332493	Q21084473	Q988027	Q9626	2015-05-08	Q3586935	2017-05-03	Q741182
Q332954	Q21084473	Q3336696	Q9626	2015-05-08	Q3586935	2017-05-03	Q741182
Q332979	Q21084473	Q874319	Q9626	2015-05-08	Q3586935	2017-05-03	Q741182
Q332987	Q21084473	Q988509	Q9626	2015-05-08	Q3586935	2017-05-03	Q741182
Q332994	Q21084473	Q586563	Q9626	2015-05-08	Q3586935	2017-05-03	Q741182
Q333012	Q21084473	Q751381	Q9626	2015-05-08	Q3586935	2017-05-03	Q741182
Q333261	Q21084473	Q988127	Q9626	2015-05-08	Q3586935	2017-05-03	Q741182
Q333267	Q21084473	Q3138528	Q9626	2015-05-08	Q3586935	2017-05-03	Q741182
Q333283	Q21084473	Q751016	Q9626	2015-05-08	Q3586935	2017-05-03	Q741182
Q333480	Q21084473	Q874545	Q9626	2015-05-08	Q3586935	2017-05-03	Q741182
Q333493	Q21084473	Q3137868	Q9626	2015-05-08	Q3586935	2017-05-03	Q741182
Q333520	Q21084473	Q3336059	Q9626	2015-05-08	Q3586935	2017-05-03	Q741182
Q333533	Q21084473	Q988793	Q9626	2015-05-08	Q3586935	2017-05-03	Q741182
Q333670	Q21084473	Q1077631	Q9630	2015-05-08	Q3586935	2017-05-03	Q741182
Q333680	Q21084473	Q1051488	Q9626	2015-05-08	Q3586935	2017-05-03	Q741182
Q333714	Q21084473	Q987857	Q9626	2015-05-08	Q3586935	2017-05-03	Q741182
Q333846	Q21084473	Q874153	Q9626	2015-05-08	Q3586935	2017-05-03	Q741182
Q333852	Q21084473	Q1075935	Q9626	2015-05-08	Q3586935	2017-05-03	Q741182
Q333937	Q21084473	Q988166	Q9626	2015-05-08	Q3586935	2017-05-03	Q741182
Q334155	Q21084473	Q875474	Q9630	2015-05-08	Q3586935	2016-05-09	Q796919
Q334261	Q21084473	Q1080350	Q9626	2015-05-08	Q3586935	2017-05-03	Q741182
Q334296	Q21084473	Q1050889	Q9630	2015-05-08	Q3586935	2017-05-03	Q741182
Q334339	Q21084473	Q3337330	Q9626	2015-05-08	Q3586935	2017-05-03	Q741182
Q337453	Q21084473	Q3337484	Q9626	2015-05-08	Q3586935	2017-05-03	Q741182
Q337568	Q21084473	Q3138122	Q9624	2015-05-08	Q3586935	2017-05-03	Q741182
Q3377178	Q21084473	Q290823	Q9630	2015-05-08	Q3586935	2017-05-03	Q741182
Q337720	Q21084473	Q3133856	Q9626	2015-05-08	Q3586935	2017-05-03	Q741182
Q337812	Q21084473	Q1075452	Q9630	2015-05-08	Q3586935	2017-05-03	Q741182
Q3409354	Q21084473	Q3134218	Q9630	2015-05-08	Q3586935	2017-05-03	Q741182
Q3409441	Q21084473	Q988942	Q9626	2015-05-08	Q3586935	2017-05-03	Q741182
Q3411409	Q21084473	Q1052385	Q9630	2015-05-08	Q3586935	2017-05-03	Q741182
Q3412180	Q21084473	Q1077439	Q9630	2015-05-08	Q3586935	2017-05-03	Q741182
Q341511	Q21084473	Q1032319	Q9626	2015-05-08	Q3586935	2017-05-03	Q741182
Q341538	Q21084473	Q3238953	Q9626	2015-05-08	Q3586935	2017-05-03	Q741182
Q341570	Q21084473	Q1050733	Q9626	2015-05-08	Q3586935	2017-05-03	Q741182
Q373047	Q21084473	Q3301796	Q10658	2015-05-08	Q3586935	2017-05-03	Q741182
Q389189	Q21084473	Q1031709	Q9626	2015-05-08	Q3586935	2017-05-03	Q741182
Q389677	Q21084473	Q874986	Q9630	2015-05-08	Q3586935	2017-05-03	Q741182
Q389855	Q21084473	Q3231619	Q9626	2015-05-08	Q3586935	2017-05-03	Q741182
Q390192	Q21084473	Q373667	Q9626	2015-05-08	Q3586935	2017-05-03	Q741182
Q390549	Q21084473	Q988262	Q9630	2015-05-08	Q3586935	2017-05-03	Q741182
Q390611	Q21084473	Q1052327	Q9630	2015-05-08	Q3586935	2017-05-03	Q741182
Q390690	Q21084473	Q1032468	Q9630	2015-05-08	Q3586935	2017-05-03	Q741182
Q390756	Q21084473	Q1080368	Q9630	2015-05-08	Q3586935	2017-05-03	Q741182
Q390760	Q21084473	Q3137641	Q9630	2015-05-08	Q3586935	2017-05-03	Q741182
Q390794	Q21084473	Q989226	Q9626	2015-05-08	Q3586935	2017-05-03	Q741182
Q390849	Q21084473	Q3335844	Q9626	2015-05-08	Q3586935	2017-05-03	Q741182
Q390869	Q21084473	Q1032138	Q9626	2015-05-08	Q3586935	2017-05-03	Q741182
Q390949	Q21084473	Q1050711	Q9630	2015-05-08	Q3586935	2017-05-03	Q741182
Q390983	Q21084473	Q1053541	Q9626	2015-05-08	Q3586935	2017-05-03	Q741182
Q391008	Q21084473	Q1077620	Q9626	2015-05-08	Q3586935	2017-05-03	Q741182
Q391073	Q21084473	Q1032329	Q9626	2015-05-08	Q3586935	2017-05-03	Q741182
Q391094	Q21084473	Q1051661	Q9626	2015-05-08	Q3586935	2017-05-03	Q741182
Q391141	Q21084473	Q1077519	Q6467393	2015-05-08	Q3586935	2017-05-03	Q741182
Q391169	Q21084473	Q1077540	Q9630	2015-05-08	Q3586935	2017-05-03	Q741182
Q391222	Q21084473	Q750781	Q9626	2015-05-08	Q3586935	2017-05-03	Q741182
Q391256	Q21084473	Q988809	Q9626	2015-05-08	Q3586935	2017-05-03	Q741182
Q391300	Q21084473	Q3137665	Q9626	2015-05-08	Q3586935	2017-05-03	Q741182
Q391341	Q21084473	Q3337375	Q9630	2015-05-08	Q3586935	2017-05-03	Q741182
Q391437	Q21084473	Q3137680	Q9630	2015-05-08	Q3586935	2017-05-03	Q741182
Q391442	Q21084473	Q1051601	Q9630	2015-05-08	Q3586935	2017-05-03	Q741182
Q391465	Q21084473	Q1031840	Q9626	2015-05-08	Q3586935	2017-05-03	Q741182
Q391483	Q21084473	Q736909	Q9630	2015-05-08	Q3586935	2017-05-03	Q741182
Q391520	Q21084473	Q1080378	Q9630	2015-05-08	Q3586935	2017-05-03	Q741182
Q391526	Q21084473	Q280886	Q9626	2015-05-08	Q3586935	2017-05-03	Q741182
Q391562	Q21084473	Q1032015	Q9626	2015-05-08	Q3586935	2016-10-25	Q796919
Q391605	Q21084473	Q1072667	Q9630	2015-05-08	Q3586935	2017-05-03	Q741182
Q391644	Q21084473	Q1031819	Q9626	2015-05-08	Q3586935	2017-05-03	Q741182
Q391652	Q21084473	Q3137980	Q9626	2015-05-08	Q3586935	2017-05-03	Q741182
Q391756	Q21084473	Q1080484	Q9626	2015-05-08	Q3586935	2017-05-03	Q741182
Q391792	Q21084473	Q1080493	Q9626	2015-05-08	Q3586935	2017-05-03	Q741182
Q391839	Q21084473	Q1051556	Q9626	2015-05-08	Q3586935	2017-05-03	Q741182
Q391960	Q21084473	Q751068	Q9626	2015-05-08	Q3586935	2017-05-03	Q741182
Q391986	Q21084473	Q988219	Q9630	2015-05-08	Q3586935	2017-05-03	Q741182
Q392000	Q21084473	Q751737	Q215519	2015-05-08	Q3586935	2017-05-03	Q741182
Q392064	Q21084473	Q1051246	Q9630	2015-05-08	Q3586935	2017-05-03	Q741182
Q392101	Q21084473	Q3138076	Q9630	2015-05-08	Q3586935	2017-05-03	Q741182
Q392149	Q21084473	Q3235146	Q9626	2015-05-08	Q3586935	2017-05-03	Q741182
Q392174	Q21084473	Q1072645	Q9626	2015-05-08	Q3586935	2017-05-03	Q741182
Q392216	Q21084473	Q3231747	Q9630	2015-05-08	Q3586935	2017-05-03	Q741182
Q392241	Q21084473	Q1051435	Q9626	2015-05-08	Q3586935	2017-05-03	Q741182
Q392367	Q21084473	Q3336848	Q6467393	2015-05-08	Q3586935	2017-05-03	Q741182
Q392375	Q21084473	Q3337305	Q9626	2015-05-08	Q3586935	2017-05-03	Q741182
Q393751	Q21084473	Q3302198	Q9626	2015-05-08	Q3586935	2017-05-03	Q741182
Q4761018	Q21084473	Q1053438	Q9630	2015-05-08	Q3586935	2017-05-03	Q741182
Q477464	Q21084473	Q1080409	Q6467393	2015-05-08	Q3586935	2017-05-03	Q741182
Q4775602	Q21084473	Q3337569	Q9626	2015-05-08	Q3586935	2017-05-03	Q741182
Q478161	Q21084473	Q874416	Q9626	2015-05-08	Q3586935	2017-05-03	Q741182
Q478227	Q21084473	Q3239170	Q9626	2015-05-08	Q3586935	2017-05-03	Q741182
Q478248	Q21084473	Q1077406	Q9630	2015-05-08	Q3586935	2017-05-03	Q741182
Q478276	Q21084473	Q1080510	Q9626	2015-05-08	Q3586935	2017-05-03	Q741182
Q478291	Q21084473	Q11003	Q9626	2015-05-08	Q3586935	2017-05-03	Q741182
Q478305	Q21084473	Q3238981	Q9626	2015-05-08	Q3586935	2017-05-03	Q741182
Q478345	Q21084473	Q1077431	Q9626	2015-05-08	Q3586935	2017-05-03	Q741182
Q478387	Q21084473	Q1077590	Q9630	2015-05-08	Q3586935	2017-05-03	Q741182
Q478442	Q21084473	Q1031869	Q9626	2015-05-08	Q3586935	2017-05-03	Q741182
Q478531	Q21084473	Q1032106	Q9626	2015-05-08	Q3586935	2017-05-03	Q741182
Q478596	Q21084473	Q874643	Q9626	2015-05-08	Q3586935	2017-05-03	Q741182
Q478686	Q21084473	Q988966	Q9626	2015-05-08	Q3586935	2017-05-03	Q741182
Q478702	Q21084473	Q751724	Q215519	2015-05-08	Q3586935	2017-05-03	Q741182
Q478711	Q21084473	Q1052307	Q9626	2015-05-08	Q3586935	2017-05-03	Q741182
Q478714	Q21084473	Q988826	Q9626	2015-05-08	Q3586935	2017-05-03	Q741182
Q479064	Q21084473	Q3336829	Q9626	2015-05-08	Q3586935	2017-05-03	Q741182
Q479171	Q21084473	Q3337224	Q9626	2015-05-08	Q3586935	2017-05-03	Q741182
Q480068	Q21084473	Q1077802	Q9630	2015-05-08	Q3586935	2017-05-03	Q741182
Q480092	Q21084473	Q1031958	Q9626	2015-05-08	Q3586935	2017-05-03	Q741182
Q480132	Q21084473	Q3335749	Q9630	2015-05-08	Q3586935	2017-05-03	Q741182
Q480148	Q21084473	Q987959	Q9626	2015-05-08	Q3586935	2017-05-03	Q741182
Q480184	Q21084473	Q1053311	Q10658	2015-05-08	Q3586935	2017-05-03	Q741182
Q5004338	Q21084473	Q1077357	Q9626	2015-05-08	Q3586935	2017-05-03	Q741182
Q501860	Q21084473	Q751715	Q175443	2015-05-08	Q3586935	2017-05-03	Q741182
Q501926	Q21084473	Q988399	Q6467393	2015-05-08	Q3586935	2017-05-03	Q741182
Q501942	Q21084473	Q874095	Q9630	2015-05-08	Q3586935	2017-05-03	Q741182
Q5022974	Q21084473	Q299997	Q10658	2015-05-08	Q3586935	2017-05-03	Q741182
Q5162256	Q21084473	Q988533	Q9630	2015-05-08	Q3586935	2017-05-03	Q741182
Q5181182	Q21084473	Q988835	Q9626	2015-05-08	Q3586935	2017-05-03	Q741182
Q5220520	Q21084473	Q751699	Q841045	2015-05-08	Q3586935	2017-05-03	Q741182
Q5240825	Q21084473	Q989017	Q9626	2015-05-08	Q3586935	2017-05-03	Q741182
Q5242429	Q21084473	Q3137848	Q9630	2015-05-08	Q3586935	2017-05-03	Q741182
Q5307191	Q21084473	Q3302442	Q10658	2015-05-08	Q3586935	2017-05-03	Q741182
Q534727	Q21084473	Q875261	Q9630	2015-05-08	Q3586935	2017-05-03	Q741182
Q5479812	Q21084473	Q751660	Q76382	2015-05-08	Q3586935	2017-05-03	Q741182
Q5528262	Q21084473	Q751562	Q215519	2015-05-08	Q3586935	2017-05-03	Q741182
Q5541308	Q21084473	Q3138472	Q10658	2015-05-08	Q3586935	2017-05-03	Q741182
Q574896	Q21084473	Q1075428	Q9630	2015-05-08	Q3586935	2017-05-03	Q741182
Q574980	Q21084473	Q1052293	Q9626	2015-05-08	Q3586935	2017-05-03	Q741182
Q574991	Q21084473	Q3335605	Q9630	2015-05-08	Q3586935	2017-01-23	Q796919
Q575183	Q21084473	Q987915	Q9626	2015-05-08	Q3586935	2017-05-03	Q741182
Q575205	Q21084473	Q3302256	Q9626	2015-05-08	Q3586935	2017-05-03	Q741182
Q575239	Q21084473	Q3239055	Q9626	2015-05-08	Q3586935	2017-05-03	Q741182
Q575266	Q21084473	Q988057	Q9626	2015-05-08	Q3586935	2017-05-03	Q741182
Q575337	Q21084473	Q3138221	Q9630	2015-05-08	Q3586935	2017-05-03	Q741182
Q575441	Q21084473	Q989206	Q9626	2015-05-08	Q3586935	2016-11-04	Q796919
Q575452	Q21084473	Q1080502	Q9626	2015-05-08	Q3586935	2017-05-03	Q741182
Q575462	Q21084473	Q1077473	Q9630	2015-05-08	Q3586935	2017-05-03	Q741182
Q575493	Q21084473	Q3137917	Q9626	2015-05-08	Q3586935	2017-05-03	Q741182
Q575513	Q21084473	Q874356	Q9626	2015-05-08	Q3586935	2017-05-03	Q741182
Q575593	Q21084473	Q3337168	Q9626	2015-05-08	Q3586935	2017-05-03	Q741182
Q575669	Q21084473	Q1077754	Q9630	2015-05-08	Q3586935	2017-05-03	Q741182
Q575693	Q21084473	Q1031923	Q9626	2015-05-08	Q3586935	2017-05-03	Q741182
Q575733	Q21084473	Q874215	Q9626	2015-05-08	Q3586935	2017-05-03	Q741182
Q575881	Q21084473	Q751685	Q215519	2015-05-08	Q3586935	2017-05-03	Q741182
Q576121	Q21084473	Q750661	Q9630	2015-05-08	Q3586935	2017-05-03	Q741182
Q576195	Q21084473	Q1072703	Q9626	2015-05-08	Q3586935	2017-05-03	Q741182
Q576208	Q21084473	Q1052935	Q9630	2015-05-08	Q3586935	2017-05-03	Q741182
Q576537	Q21084473	Q3337106	Q9626	2015-05-08	Q3586935	2017-05-03	Q741182
Q576890	Q21084473	Q3238753	Q9626	2015-05-08	Q3586935	2017-05-03	Q741182
Q577024	Q21084473	Q3302232	Q9626	2015-05-08	Q3586935	2017-05-03	Q741182
Q577227	Q21084473	Q988477	Q9626	2015-05-08	Q3586935	2017-05-03	Q741182
Q577362	Q21084473	Q875246	Q9626	2015-05-08	Q3586935	2017-05-03	Q741182
Q577771	Q21084473	Q1113129	Q9626	2015-05-08	Q3586935	2017-05-03	Q741182
Q578037	Q21084473	Q874340	Q9630	2015-05-08	Q3586935	2017-05-03	Q741182
Q578234	Q21084473	Q988746	Q9626	2015-05-08	Q3586935	2017-05-03	Q741182
Q578272	Q21084473	Q988977	Q9626	2015-05-08	Q3586935	2017-05-03	Q741182
Q578432	Q21084473	Q1070093	Q9630	2015-05-08	Q3586935	2017-05-03	Q741182
Q579661	Q21084473	Q874959	Q9626	2015-05-08	Q3586935	2017-05-03	Q741182
Q580086	Q21084473	Q3138259	Q9626	2015-05-08	Q3586935	2017-05-03	Q741182
Q580215	Q21084473	Q611841	Q9630	2015-05-08	Q3586935	2017-05-03	Q741182
Q580247	Q21084473	Q1053298	Q9626	2015-05-08	Q3586935	2017-05-03	Q741182
Q580321	Q21084473	Q1032224	Q9626	2015-05-08	Q3586935	2017-05-03	Q741182
Q580375	Q21084473	Q1077598	Q9626	2015-05-08	Q3586935	2017-05-03	Q741182
Q580431	Q21084473	Q1052345	Q9630	2015-05-08	Q3586935	2017-05-03	Q741182
Q580464	Q21084473	Q1032443	Q9626	2015-05-08	Q3586935	2017-05-03	Q741182
Q580784	Q21084473	Q1087870	Q9626	2015-05-08	Q3586935	2017-05-03	Q741182
Q580847	Q21084473	Q750643	Q9626	2015-05-08	Q3586935	2017-05-03	Q741182
Q581095	Q21084473	Q1070148	Q9630	2015-05-08	Q3586935	2017-05-03	Q741182
Q583571	Q21084473	Q751599	Q175443	2015-05-08	Q3586935	2017-05-03	Q741182
Q583750	Q21084473	Q1077771	Q9626	2015-05-08	Q3586935	2017-05-03	Q741182
Q583906	Q21084473	Q3301660	Q9630	2015-05-08	Q3586935	2017-05-03	Q741182
Q583946	Q21084473	Q3336746	Q9630	2015-05-08	Q3586935	2017-05-03	Q741182
Q583993	Q21084473	Q1050950	Q9630	2015-05-08	Q3586935	2015-10-20	Q5247364
Q584156	Q21084473	Q988387	Q9626	2015-05-08	Q3586935	2017-05-03	Q741182
Q6131460	Q21084473	Q1072715	Q9626	2015-05-08	Q3586935	2017-05-03	Q741182
Q615077	Q21084473	Q874623	Q9630	2015-05-08	Q3586935	2017-05-03	Q741182
Q6205412	Q21084473	Q1077497	Q9630	2015-05-08	Q3586935	2017-05-03	Q741182
Q6383803	Q21084473	Q3337060	Q9630	2015-05-08	Q3586935	2017-05-03	Q741182
Q6417459	Q21084473	Q1051591	Q9626	2015-05-08	Q3586935	2017-05-03	Q741182
Q6698469	Q21084473	Q1070072	Q6467393	2015-05-08	Q3586935	2017-05-03	Q741182
Q673322	Q21084473	Q1075915	Q9626	2015-05-08	Q3586935	2017-05-03	Q741182
Q673525	Q21084473	Q1031352	Q9626	2015-05-08	Q3586935	2017-05-03	Q741182
Q673628	Q21084473	Q730581	Q6467393	2015-05-08	Q3586935	2017-05-03	Q741182
Q673854	Q21084473	Q1072775	Q9630	2015-05-08	Q3586935	2017-05-03	Q741182
Q676383	Q21084473	Q751693	Q327591	2015-05-08	Q3586935	2017-05-03	Q741182
Q676658	Q21084473	Q1113086	Q6467393	2015-05-08	Q3586935	2017-05-03	Q741182
Q676947	Q21084473	Q3337705	Q9626	2015-05-08	Q3586935	2017-05-03	Q741182
Q6838584	Q21084473	Q751675	Q76382	2015-05-08	Q3586935	2017-05-03	Q741182
Q688913	Q21084473	Q3133809	Q9630	2015-05-08	Q3586935	2017-05-03	Q741182
Q689041	Q21084473	Q874921	Q9630	2015-05-08	Q3586935	2017-05-03	Q741182
Q689166	Q21084473	Q873637	Q9630	2015-05-08	Q3586935	2017-05-03	Q741182
Q689239	Q21084473	Q3336720	Q9626	2015-05-08	Q3586935	2017-05-03	Q741182
Q689287	Q21084473	Q1077506	Q9626	2015-05-08	Q3586935	2017-05-03	Q741182
Q689348	Q21084473	Q3302057	Q9626	2015-05-08	Q3586935	2017-05-03	Q741182
Q689421	Q21084473	Q3336866	Q9630	2015-05-08	Q3586935	2017-05-03	Q741182
Q689452	Q21084473	Q1077825	Q9626	2015-05-08	Q3586935	2017-05-03	Q741182
Q689514	Q21084473	Q1032268	Q10658	2015-05-08	Q3586935	2017-05-03	Q741182
Q689546	Q21084473	Q3336201	Q9630	2015-05-08	Q3586935	2017-05-03	Q741182
Q689589	Q21084473	Q581697	Q9626	2015-05-08	Q3586935	2017-05-03	Q741182
Q689627	Q21084473	Q1080330	Q9626	2015-05-08	Q3586935	2017-05-03	Q741182
Q689660	Q21084473	Q3334633	Q9630	2015-05-08	Q3586935	2017-05-03	Q741182
Q691064	Q21084473	Q988288	Q9630	2015-05-08	Q3586935	2017-01-23	Q796919
Q691299	Q21084473	Q988495	Q9626	2015-05-08	Q3586935	2017-05-03	Q741182
Q691388	Q21084473	Q1051003	Q9630	2015-05-08	Q3586935	2016-03-24	Q796919
Q692315	Q21084473	Q1031497	Q9626	2015-05-08	Q3586935	2017-05-03	Q741182
Q694639	Q21084473	Q874256	Q9630	2015-05-08	Q3586935	2017-05-03	Q741182
Q694676	Q21084473	Q874069	Q9630	2015-05-08	Q3586935	2017-05-03	Q741182
Q694695	Q21084473	Q1117254	Q9630	2015-05-08	Q3586935	2017-05-03	Q741182
Q694759	Q21084473	Q1053376	Q9630	2015-05-08	Q3586935	2017-05-03	Q741182
Q694811	Q21084473	Q1077604	Q9626	2015-05-08	Q3586935	2017-05-03	Q741182
Q694825	Q21084473	Q1080320	Q9626	2015-05-08	Q3586935	2017-05-03	Q741182
Q694869	Q21084473	Q3136751	Q9630	2015-05-08	Q3586935	2017-05-03	Q741182
Q694881	Q21084473	Q3137610	Q9626	2015-05-08	Q3586935	2017-05-03	Q741182
Q694929	Q21084473	Q751608	Q76382	2015-05-08	Q3586935	2017-05-03	Q741182
Q694967	Q21084473	Q1077488	Q9630	2015-05-08	Q3586935	2017-05-03	Q741182
Q694984	Q21084473	Q1077750	Q6467393	2015-05-08	Q3586935	2017-05-03	Q741182
Q694996	Q21084473	Q988569	Q9626	2015-05-08	Q3586935	2017-05-03	Q741182
Q695007	Q21084473	Q1070050	Q9630	2015-05-08	Q3586935	2017-05-03	Q741182
Q695028	Q21084473	Q3136734	Q9630	2015-05-08	Q3586935	2017-05-03	Q741182
Q695047	Q21084473	Q989007	Q9630	2015-05-08	Q3586935	2017-05-03	Q741182
Q695092	Q21084473	Q1053141	Q10658	2015-05-08	Q3586935	2017-05-03	Q741182
Q695147	Q21084473	Q1032085	Q9626	2015-05-08	Q3586935	2017-05-03	Q741182
Q695197	Q21084473	Q750870	Q9630	2015-05-08	Q3586935	2017-05-03	Q741182
Q695228	Q21084473	Q3337670	Q9626	2015-05-08	Q3586935	2017-05-03	Q741182
Q695241	Q21084473	Q874173	Q9626	2015-05-08	Q3586935	2017-05-03	Q741182
Q695257	Q21084473	Q3138317	Q9626	2015-05-08	Q3586935	2017-05-03	Q741182
Q7174603	Q21084473	Q1032551	Q9626	2015-05-08	Q3586935	2017-05-03	Q741182
Q727276	Q21084473	Q1050650	Q9626	2015-05-08	Q3586935	2017-05-03	Q741182
Q727347	Q21084473	Q988231	Q9626	2015-05-08	Q3586935	2017-05-03	Q741182
Q727587	Q21084473	Q1075476	Q9630	2015-05-08	Q3586935	2017-05-03	Q741182
Q727798	Q21084473	Q3231554	Q9626	2015-05-08	Q3586935	2017-05-03	Q741182
Q727852	Q21084473	Q3337248	Q9626	2015-05-08	Q3586935	2017-05-03	Q741182
Q727933	Q21084473	Q3138145	Q9630	2015-05-08	Q3586935	2017-05-03	Q741182
Q727981	Q21084473	Q3138553	Q9626	2015-05-08	Q3586935	2017-05-03	Q741182
Q728063	Q21084473	Q1050914	Q9626	2015-05-08	Q3586935	2017-05-03	Q741182
Q728119	Q21084473	Q3337289	Q9626	2015-05-08	Q3586935	2017-05-03	Q741182
Q728167	Q21084473	Q1077449	Q9626	2015-05-08	Q3586935	2017-05-03	Q741182
Q728202	Q21084473	Q3336979	Q9630	2015-05-08	Q3586935	2017-05-03	Q741182
Q7340341	Q21084473	Q874041	Q9630	2015-05-08	Q3586935	2017-05-03	Q741182
Q7380182	Q21084473	Q3231914	Q9630	2015-05-08	Q3586935	2017-05-03	Q741182
Q7422176	Q21084473	Q1031928	Q9630	2015-05-08	Q3586935	2017-05-03	Q741182
Q748837	Q21084473	Q751262	Q9626	2015-05-08	Q3586935	2017-05-03	Q741182
Q748955	Q21084473	Q3137895	Q9626	2015-05-08	Q3586935	2017-05-03	Q741182
Q749612	Q21084473	Q1053065	Q9626	2015-05-08	Q3586935	2017-05-03	Q741182
Q749659	Q21084473	Q3238774	Q9630	2015-05-08	Q3586935	2017-05-03	Q741182
Q749687	Q21084473	Q1072660	Q9626	2015-05-08	Q3586935	2017-05-03	Q741182
Q749759	Q21084473	Q1051397	Q6467393	2015-05-08	Q3586935	2017-05-03	Q741182
Q749793	Q21084473	Q3137955	Q9626	2015-05-08	Q3586935	2017-05-03	Q741182
Q749980	Q21084473	Q1077582	Q9626	2015-05-08	Q3586935	2017-05-03	Q741182
Q750018	Q21084473	Q988420	Q9626	2015-05-08	Q3586935	2017-05-03	Q741182
Q750061	Q21084473	Q3137794	Q9626	2015-05-08	Q3586935	2017-05-03	Q741182
Q750091	Q21084473	Q988884	Q9626	2015-05-08	Q3586935	2017-05-03	Q741182
Q750129	Q21084473	Q875033	Q9630	2015-05-08	Q3586935	2017-05-03	Q741182
Q750135	Q21084473	Q3043035	Q9626	2015-05-08	Q3586935	2017-05-03	Q741182
Q750161	Q21084473	Q1053398	Q9626	2015-05-08	Q3586935	2017-05-03	Q741182
Q750179	Q21084473	Q1052262	Q9624	2015-05-08	Q3586935	2017-05-03	Q741182
Q750188	Q21084473	Q3337505	Q9626	2015-05-08	Q3586935	2017-05-03	Q741182
Q750204	Q21084473	Q988595	Q9626	2015-05-08	Q3586935	2017-05-03	Q741182
Q750219	Q21084473	Q3337642	Q9626	2015-05-08	Q3586935	2017-05-03	Q741182
Q750228	Q21084473	Q3137937	Q9626	2015-05-08	Q3586935	2017-05-03	Q741182
Q750260	Q21084473	Q1075920	Q9630	2015-05-08	Q3586935	2017-05-03	Q741182
Q750293	Q21084473	Q873975	Q9630	2015-05-08	Q3586935	2017-05-03	Q741182
Q750345	Q21084473	Q1080308	Q9630	2015-05-08	Q3586935	2017-02-26	Q5247364
Q750381	Q21084473	Q1077415	Q9630	2015-05-08	Q3586935	2017-05-03	Q741182
Q750398	Q21084473	Q1051057	Q9626	2015-05-08	Q3586935	2017-05-03	Q741182
Q750411	Q21084473	Q1032482	Q9630	2015-05-08	Q3586935	2017-05-03	Q741182
Q750421	Q21084473	Q874974	Q9630	2015-05-08	Q3586935	2017-05-03	Q741182
Q7609085	Q21084473	Q3238926	Q6467393	2015-05-08	Q3586935	2017-05-03	Q741182
Q7613711	Q21084473	Q1077455	Q6467393	2015-05-08	Q3586935	2017-05-03	Q741182
Q7815715	Q21084473	Q751637	Q841045	2015-05-08	Q3586935	2017-05-03	Q741182
Q7831699	Q21084473	Q3133894	Q9630	2016-10-20	Q24652477	2017-05-03	Q741182
Q7852071	Q21084473	Q3337350	Q9630	2015-05-08	Q3586935	2017-05-03	Q741182
Q7926595	Q21084473	Q3302490	Q9626	2015-05-08	Q3586935	2017-05-03	Q741182
Q7983764	Q21084473	Q3336954	Q9630	2015-05-08	Q3586935	2017-05-03	Q741182
Q10652	Q21084473	Q3301906	Q10658	2015-05-08	Q3586935	2017-05-03	Q741182
Q19831	Q21084473	Q1072676	Q9626	2015-05-08	Q3586935	2017-05-03	Q741182
Q9670	Q21084473	Q1070099	Q9669	2015-05-08	Q3586935	2017-05-03	Q741182
